plate_id,well_id,cell_line,compound,dose_uM,time_h,raw_signal,is_control,date,incubator_id,liquid_handler_id,viability_norm
HepG2_P1,A09,HepG2,DMSO,0.0,24,9632.366486756968,1,2025-11-01,inc1,manual,0.9512201444213735
HepG2_P1,A10,HepG2,DMSO,0.0,24,10527.584137780443,1,2025-11-01,inc1,manual,1.0396251136951093
HepG2_P1,A11,HepG2,DMSO,0.0,24,10622.640898072821,1,2025-11-01,inc1,manual,1.0490122051619735
HepG2_P1,A12,HepG2,DMSO,0.0,24,9176.840945550297,1,2025-11-01,inc1,manual,0.9062358644222723
HepG2_P1,B09,HepG2,DMSO,0.0,24,9501.268786446057,1,2025-11-01,inc1,manual,0.9382739205007511
HepG2_P1,B10,HepG2,DMSO,0.0,24,10216.278741460857,1,2025-11-01,inc1,manual,1.008882931651539
HepG2_P1,B11,HepG2,DMSO,0.0,24,9994.237243705424,1,2025-11-01,inc1,manual,0.9869557815734306
HepG2_P1,B12,HepG2,DMSO,0.0,24,10143.957961125072,1,2025-11-01,inc1,manual,1.0017410747454243
HepG2_P1,C09,HepG2,DMSO,0.0,24,9725.836576090425,1,2025-11-01,inc1,manual,0.9604505481852968
HepG2_P1,C10,HepG2,DMSO,0.0,24,10592.057527308629,1,2025-11-01,inc1,manual,1.0459920212440128
HepG2_P1,C11,HepG2,DMSO,0.0,24,10541.254507591688,1,2025-11-01,inc1,manual,1.0409750967095663
HepG2_P1,C12,HepG2,DMSO,0.0,24,10185.373888657823,1,2025-11-01,inc1,manual,1.0058310005827782
HepG2_P1,D09,HepG2,DMSO,0.0,24,10715.979143361232,1,2025-11-01,inc1,manual,1.0582295889985773
HepG2_P1,D10,HepG2,DMSO,0.0,24,10386.113211003238,1,2025-11-01,inc1,manual,1.0256545078647092
HepG2_P1,D11,HepG2,DMSO,0.0,24,9722.712308435595,1,2025-11-01,inc1,manual,0.9601420189849259
HepG2_P1,D12,HepG2,DMSO,0.0,24,10336.733931918465,1,2025-11-01,inc1,manual,1.0207781812582601
HepG2_P1,A01,HepG2,staurosporine,0.0,24,9672.917239462717,0,2025-11-01,inc1,manual,0.9552246320930364
HepG2_P1,B01,HepG2,staurosporine,0.0,24,10591.583690530853,0,2025-11-01,inc1,manual,1.045945228683866
HepG2_P1,C01,HepG2,staurosporine,0.0,24,10127.395584384089,0,2025-11-01,inc1,manual,1.0001054988547875
HepG2_P1,A02,HepG2,staurosporine,0.001,24,9967.914420741297,0,2025-11-01,inc1,manual,0.9843563373458943
HepG2_P1,B02,HepG2,staurosporine,0.001,24,9719.880830311957,0,2025-11-01,inc1,manual,0.9598624034788718
HepG2_P1,C02,HepG2,staurosporine,0.001,24,10671.616271850944,0,2025-11-01,inc1,manual,1.0538486451149556
HepG2_P1,A03,HepG2,staurosporine,0.01,24,8789.765202747896,0,2025-11-01,inc1,manual,0.8680111722371566
HepG2_P1,B03,HepG2,staurosporine,0.01,24,8652.866032700742,0,2025-11-01,inc1,manual,0.8544920387529339
HepG2_P1,C03,HepG2,staurosporine,0.01,24,8690.963168538181,0,2025-11-01,inc1,manual,0.8582542256571752
HepG2_P1,A04,HepG2,staurosporine,0.1,24,3345.0557480748716,0,2025-11-01,inc1,manual,0.33033257363659596
HepG2_P1,B04,HepG2,staurosporine,0.1,24,3261.6231874802365,0,2025-11-01,inc1,manual,0.32209340079704657
HepG2_P1,C04,HepG2,staurosporine,0.1,24,3285.2674610961913,0,2025-11-01,inc1,manual,0.3244283316154107
HepG2_P1,A05,HepG2,staurosporine,0.3,24,1274.5128400726455,0,2025-11-01,inc1,manual,0.12586131242697027
HepG2_P1,B05,HepG2,staurosporine,0.3,24,2129.9261390039346,0,2025-11-01,inc1,manual,0.21033550294578815
HepG2_P1,C05,HepG2,staurosporine,0.3,24,855.8948303763963,0,2025-11-01,inc1,manual,0.08452174294649885
HepG2_P1,A06,HepG2,staurosporine,1.0,24,15.250196072880133,0,2025-11-01,inc1,manual,0.0015059947865193087
HepG2_P1,B06,HepG2,staurosporine,1.0,24,-135.51480351529005,0,2025-11-01,inc1,manual,0.0
HepG2_P1,C06,HepG2,staurosporine,1.0,24,579.3612718963967,0,2025-11-01,inc1,manual,0.05721336636050129
HepG2_P1,A07,HepG2,staurosporine,3.0,24,638.5498725501274,0,2025-11-01,inc1,manual,0.06305838786579249
HepG2_P1,B07,HepG2,staurosporine,3.0,24,17.089997362244027,0,2025-11-01,inc1,manual,0.0016876797390781022
HepG2_P1,C07,HepG2,staurosporine,3.0,24,-346.01451229158243,0,2025-11-01,inc1,manual,0.0
HepG2_P1,A08,HepG2,staurosporine,10.0,24,-394.67840330495426,0,2025-11-01,inc1,manual,0.0
HepG2_P1,B08,HepG2,staurosporine,10.0,24,342.8585984530161,0,2025-11-01,inc1,manual,0.033858139221028614
HepG2_P1,C08,HepG2,staurosporine,10.0,24,389.1892901423867,0,2025-11-01,inc1,manual,0.038433410240927585
HepG2_P1,D01,HepG2,tunicamycin,0.0,24,10423.935674029814,0,2025-11-01,inc1,manual,1.0293895701458189
HepG2_P1,E01,HepG2,tunicamycin,0.0,24,9819.60368623287,0,2025-11-01,inc1,manual,0.9697102834927415
HepG2_P1,F01,HepG2,tunicamycin,0.0,24,10268.439201410576,0,2025-11-01,inc1,manual,1.0140339067846666
HepG2_P1,D02,HepG2,tunicamycin,0.001,24,10198.02683952888,0,2025-11-01,inc1,manual,1.0070805109467653
HepG2_P1,E02,HepG2,tunicamycin,0.001,24,10249.028233323023,0,2025-11-01,inc1,manual,1.0121170254146536
HepG2_P1,F02,HepG2,tunicamycin,0.001,24,10575.398323932612,0,2025-11-01,inc1,manual,1.0443468834823768
HepG2_P1,D03,HepG2,tunicamycin,0.01,24,10138.818554512987,0,2025-11-01,inc1,manual,1.0012335455617591
HepG2_P1,E03,HepG2,tunicamycin,0.01,24,10366.477561661593,0,2025-11-01,inc1,manual,1.0237154386621155
HepG2_P1,F03,HepG2,tunicamycin,0.01,24,10060.810314870092,0,2025-11-01,inc1,manual,0.9935300379054435
HepG2_P1,D04,HepG2,tunicamycin,0.1,24,9168.878401458072,0,2025-11-01,inc1,manual,0.9054495433918401
HepG2_P1,E04,HepG2,tunicamycin,0.1,24,9339.96281503235,0,2025-11-01,inc1,manual,0.922344554686532
HepG2_P1,F04,HepG2,tunicamycin,0.1,24,8295.740792185246,0,2025-11-01,inc1,manual,0.8192250331498239
HepG2_P1,D05,HepG2,tunicamycin,0.3,24,7223.697875368414,0,2025-11-01,inc1,manual,0.71335812914836
HepG2_P1,E05,HepG2,tunicamycin,0.3,24,7148.347156400668,0,2025-11-01,inc1,manual,0.7059170582674611
HepG2_P1,F05,HepG2,tunicamycin,0.3,24,7064.094559425394,0,2025-11-01,inc1,manual,0.69759690479605
HepG2_P1,D06,HepG2,tunicamycin,1.0,24,4374.588225443198,0,2025-11-01,inc1,manual,0.43200146602718326
HepG2_P1,E06,HepG2,tunicamycin,1.0,24,5259.630006673738,0,2025-11-01,inc1,manual,0.5194015428534238
HepG2_P1,F06,HepG2,tunicamycin,1.0,24,4079.2437932099183,0,2025-11-01,inc1,manual,0.4028354688790022
HepG2_P1,D07,HepG2,tunicamycin,3.0,24,2621.477817269891,0,2025-11-01,inc1,manual,0.25887745356960984
HepG2_P1,E07,HepG2,tunicamycin,3.0,24,1295.903754166248,0,2025-11-01,inc1,manual,0.1279737183888278
HepG2_P1,F07,HepG2,tunicamycin,3.0,24,1969.896124981263,0,2025-11-01,inc1,manual,0.1945321410969959
HepG2_P1,D08,HepG2,tunicamycin,10.0,24,833.4030910619261,0,2025-11-01,inc1,manual,0.08230062775653879
HepG2_P1,E08,HepG2,tunicamycin,10.0,24,1045.1377241890625,0,2025-11-01,inc1,manual,0.10320994932140075
HepG2_P1,F08,HepG2,tunicamycin,10.0,24,1107.639848405851,0,2025-11-01,inc1,manual,0.10938218951864359
HepG2_P1,G01,HepG2,H2O2,0.0,24,10549.032157477179,0,2025-11-01,inc1,manual,1.041743158977287
HepG2_P1,H01,HepG2,H2O2,0.0,24,9977.996003752996,0,2025-11-01,inc1,manual,0.9853519187392693
HepG2_P1,I01,HepG2,H2O2,0.0,24,9921.182643544931,0,2025-11-01,inc1,manual,0.9797414581347565
HepG2_P1,G02,HepG2,H2O2,3.0,24,10552.712264026042,0,2025-11-01,inc1,manual,1.0421065786507087
HepG2_P1,H02,HepG2,H2O2,3.0,24,10028.072160956659,0,2025-11-01,inc1,manual,0.9902970637929613
HepG2_P1,I02,HepG2,H2O2,3.0,24,9485.881161728505,0,2025-11-01,inc1,manual,0.9367543542938117
HepG2_P1,G03,HepG2,H2O2,10.0,24,9413.91695578443,0,2025-11-01,inc1,manual,0.9296477099956109
HepG2_P1,H03,HepG2,H2O2,10.0,24,9520.834419785364,0,2025-11-01,inc1,manual,0.9402060754489976
HepG2_P1,I03,HepG2,H2O2,10.0,24,10229.140934813053,0,2025-11-01,inc1,manual,1.0101531052308845
HepG2_P1,G04,HepG2,H2O2,30.0,24,9390.067693431025,0,2025-11-01,inc1,manual,0.9272925360296557
HepG2_P1,H04,HepG2,H2O2,30.0,24,9664.097502429628,0,2025-11-01,inc1,manual,0.9543536611280189
HepG2_P1,I04,HepG2,H2O2,30.0,24,9105.228502227475,0,2025-11-01,inc1,manual,0.8991639575576866
HepG2_P1,G05,HepG2,H2O2,100.0,24,6653.222052157628,0,2025-11-01,inc1,manual,0.6570222229419751
HepG2_P1,H05,HepG2,H2O2,100.0,24,6886.74740360294,0,2025-11-01,inc1,manual,0.6800834321301078
HepG2_P1,I05,HepG2,H2O2,100.0,24,6419.278936759152,0,2025-11-01,inc1,manual,0.6339197585245684
HepG2_P1,G06,HepG2,H2O2,300.0,24,2880.2230094158667,0,2025-11-01,inc1,manual,0.2844291847438559
HepG2_P1,H06,HepG2,H2O2,300.0,24,2320.872420103835,0,2025-11-01,inc1,manual,0.22919192305130298
HepG2_P1,I06,HepG2,H2O2,300.0,24,2470.3084673546246,0,2025-11-01,inc1,manual,0.24394910433620168
HepG2_P1,G07,HepG2,H2O2,1000.0,24,366.5468545038891,0,2025-11-01,inc1,manual,0.03619741341421686
HepG2_P1,H07,HepG2,H2O2,1000.0,24,-40.50402129146615,0,2025-11-01,inc1,manual,0.0
HepG2_P1,I07,HepG2,H2O2,1000.0,24,800.9020418958446,0,2025-11-01,inc1,manual,0.07909106832749188
HepG2_P1,G08,HepG2,H2O2,3000.0,24,-122.44936430754257,0,2025-11-01,inc1,manual,0.0
HepG2_P1,H08,HepG2,H2O2,3000.0,24,118.49886515766309,0,2025-11-01,inc1,manual,0.011702057618344554
HepG2_P1,I08,HepG2,H2O2,3000.0,24,352.6251352467739,0,2025-11-01,inc1,manual,0.034822609016922225
HepG2_P2,A09,HepG2,DMSO,0.0,24,10555.958142501366,1,2025-11-02,inc1,manual,1.0509599450468512
HepG2_P2,A10,HepG2,DMSO,0.0,24,10174.02284576026,1,2025-11-02,inc1,manual,1.0129341502250306
HepG2_P2,A11,HepG2,DMSO,0.0,24,10011.616431992894,1,2025-11-02,inc1,manual,0.9967648330125086
HepG2_P2,A12,HepG2,DMSO,0.0,24,10183.406482561772,1,2025-11-02,inc1,manual,1.0138683928853485
HepG2_P2,B09,HepG2,DMSO,0.0,24,9379.598371035956,1,2025-11-02,inc1,manual,0.9338405908314455
HepG2_P2,B10,HepG2,DMSO,0.0,24,9499.709351803429,1,2025-11-02,inc1,manual,0.9457989396656135
HepG2_P2,B11,HepG2,DMSO,0.0,24,9561.91578183777,1,2025-11-02,inc1,manual,0.9519922634177442
HepG2_P2,B12,HepG2,DMSO,0.0,24,9724.64217421423,1,2025-11-02,inc1,manual,0.968193437965895
HepG2_P2,C09,HepG2,DMSO,0.0,24,10423.15270137669,1,2025-11-02,inc1,manual,1.0377377252140205
HepG2_P2,C10,HepG2,DMSO,0.0,24,9770.526060334942,1,2025-11-02,inc1,manual,0.9727616757122917
HepG2_P2,C11,HepG2,DMSO,0.0,24,10034.184310995275,1,2025-11-02,inc1,manual,0.9990117097579432
HepG2_P2,C12,HepG2,DMSO,0.0,24,10872.879736908004,1,2025-11-02,inc1,manual,1.0825129217587157
HepG2_P2,D09,HepG2,DMSO,0.0,24,10045.133602484257,1,2025-11-02,inc1,manual,1.0001018302970945
HepG2_P2,D10,HepG2,DMSO,0.0,24,10592.023372248515,1,2025-11-02,inc1,manual,1.054550629223644
HepG2_P2,D11,HepG2,DMSO,0.0,24,9756.456748010032,1,2025-11-02,inc1,manual,0.9713609233117777
HepG2_P2,D12,HepG2,DMSO,0.0,24,10120.546809081157,1,2025-11-02,inc1,manual,1.0076100316740757
HepG2_P2,A01,HepG2,staurosporine,0.0,24,9748.25456055968,0,2025-11-02,inc1,manual,0.9705443067284495
HepG2_P2,B01,HepG2,staurosporine,0.0,24,10053.74905006469,0,2025-11-02,inc1,manual,1.0009595914016247
HepG2_P2,C01,HepG2,staurosporine,0.0,24,10643.419656743668,0,2025-11-02,inc1,manual,1.0596676859227565
HepG2_P2,A02,HepG2,staurosporine,0.001,24,9266.949793727994,0,2025-11-02,inc1,manual,0.9226252050730924
HepG2_P2,B02,HepG2,staurosporine,0.001,24,10347.821827097097,0,2025-11-02,inc1,manual,1.0302377209108156
HepG2_P2,C02,HepG2,staurosporine,0.001,24,10249.477806490306,0,2025-11-02,inc1,manual,1.0204465086781278
HepG2_P2,A03,HepG2,staurosporine,0.01,24,8631.884902371143,0,2025-11-02,inc1,manual,0.8593976179311614
HepG2_P2,B03,HepG2,staurosporine,0.01,24,8205.930953025314,0,2025-11-02,inc1,manual,0.8169892895583376
HepG2_P2,C03,HepG2,staurosporine,0.01,24,8965.024634076475,0,2025-11-02,inc1,manual,0.892565285839609
HepG2_P2,A04,HepG2,staurosporine,0.1,24,2835.6587489939516,0,2025-11-02,inc1,manual,0.28232053621123204
HepG2_P2,B04,HepG2,staurosporine,0.1,24,3216.743209203205,0,2025-11-02,inc1,manual,0.32026162104247796
HepG2_P2,C04,HepG2,staurosporine,0.1,24,3111.3311762875746,0,2025-11-02,inc1,manual,0.3097667116439422
HepG2_P2,A05,HepG2,staurosporine,0.3,24,1867.3888654304144,0,2025-11-02,inc1,manual,0.1859187837712285
HepG2_P2,B05,HepG2,staurosporine,0.3,24,946.8216060334444,0,2025-11-02,inc1,manual,0.0942663441454577
HepG2_P2,C05,HepG2,staurosporine,0.3,24,554.750673459024,0,2025-11-02,inc1,manual,0.05523143701619923
HepG2_P2,A06,HepG2,staurosporine,1.0,24,362.9047166168356,0,2025-11-02,inc1,manual,0.036131094485611095
HepG2_P2,B06,HepG2,staurosporine,1.0,24,383.2652411245601,0,2025-11-02,inc1,manual,0.03815820518734912
HepG2_P2,C06,HepG2,staurosporine,1.0,24,952.8606867588958,0,2025-11-02,inc1,manual,0.09486760002973406
HepG2_P2,A07,HepG2,staurosporine,3.0,24,492.1366319219601,0,2025-11-02,inc1,manual,0.0489975311248899
HepG2_P2,B07,HepG2,staurosporine,3.0,24,253.01653853942548,0,2025-11-02,inc1,manual,0.02519053636341233
HepG2_P2,C07,HepG2,staurosporine,3.0,24,806.2324545744517,0,2025-11-02,inc1,manual,0.08026917165794778
HepG2_P2,A08,HepG2,staurosporine,10.0,24,-576.6966630360065,0,2025-11-02,inc1,manual,0.0
HepG2_P2,B08,HepG2,staurosporine,10.0,24,-302.19090224945484,0,2025-11-02,inc1,manual,0.0
HepG2_P2,C08,HepG2,staurosporine,10.0,24,-445.60310657734345,0,2025-11-02,inc1,manual,0.0
HepG2_P2,D01,HepG2,tunicamycin,0.0,24,10028.360686437089,0,2025-11-02,inc1,manual,0.9984319048683232
HepG2_P2,E01,HepG2,tunicamycin,0.0,24,9534.922514236816,0,2025-11-02,inc1,manual,0.9493047913141639
HepG2_P2,F01,HepG2,tunicamycin,0.0,24,10540.841061422172,0,2025-11-02,inc1,manual,1.0494548759204125
HepG2_P2,D02,HepG2,tunicamycin,0.001,24,10099.391111390662,0,2025-11-02,inc1,manual,1.0055037528709503
HepG2_P2,E02,HepG2,tunicamycin,0.001,24,9475.099312688719,0,2025-11-02,inc1,manual,0.9433487437661565
HepG2_P2,F02,HepG2,tunicamycin,0.001,24,9702.712919336276,0,2025-11-02,inc1,manual,0.9660101431677979
HepG2_P2,D03,HepG2,tunicamycin,0.01,24,10253.80935633248,0,2025-11-02,inc1,manual,1.020877761371881
HepG2_P2,E03,HepG2,tunicamycin,0.01,24,10516.11571655457,0,2025-11-02,inc1,manual,1.046993200084593
HepG2_P2,F03,HepG2,tunicamycin,0.01,24,11095.417878453272,0,2025-11-02,inc1,manual,1.1046690036464961
HepG2_P2,D04,HepG2,tunicamycin,0.1,24,10544.278422350306,0,2025-11-02,inc1,manual,1.049797102424475
HepG2_P2,E04,HepG2,tunicamycin,0.1,24,9294.55190598464,0,2025-11-02,inc1,manual,0.9253732942554115
HepG2_P2,F04,HepG2,tunicamycin,0.1,24,8592.578129330708,0,2025-11-02,inc1,manual,0.8554842030163923
HepG2_P2,D05,HepG2,tunicamycin,0.3,24,6369.0791054634155,0,2025-11-02,inc1,manual,0.6341107966055971
HepG2_P2,E05,HepG2,tunicamycin,0.3,24,7568.957977000989,0,2025-11-02,inc1,manual,0.7535717319248414
HepG2_P2,F05,HepG2,tunicamycin,0.3,24,7028.631698173907,0,2025-11-02,inc1,manual,0.6997763995980577
HepG2_P2,D06,HepG2,tunicamycin,1.0,24,4335.994964583478,0,2025-11-02,inc1,manual,0.43169525382584056
HepG2_P2,E06,HepG2,tunicamycin,1.0,24,4237.625195143416,0,2025-11-02,inc1,manual,0.4219014780179629
HepG2_P2,F06,HepG2,tunicamycin,1.0,24,4473.278151465128,0,2025-11-02,inc1,manual,0.4453632817389189
HepG2_P2,D07,HepG2,tunicamycin,3.0,24,2685.256554975921,0,2025-11-02,inc1,manual,0.26734636907014675
HepG2_P2,E07,HepG2,tunicamycin,3.0,24,2230.7907233047717,0,2025-11-02,inc1,manual,0.22209937405263874
HepG2_P2,F07,HepG2,tunicamycin,3.0,24,2072.949021062755,0,2025-11-02,inc1,manual,0.20638452330437093
HepG2_P2,D08,HepG2,tunicamycin,10.0,24,239.45205603264756,0,2025-11-02,inc1,manual,0.023840045238166713
HepG2_P2,E08,HepG2,tunicamycin,10.0,24,-80.06253990662513,0,2025-11-02,inc1,manual,0.0
HepG2_P2,F08,HepG2,tunicamycin,10.0,24,514.1249779088879,0,2025-11-02,inc1,manual,0.05118670908279121
HepG2_P2,G01,HepG2,H2O2,0.0,24,10196.37431260581,0,2025-11-02,inc1,manual,1.0151594807966948
HepG2_P2,H01,HepG2,H2O2,0.0,24,11107.230544804914,0,2025-11-02,inc1,manual,1.1058450825028334
HepG2_P2,I01,HepG2,H2O2,0.0,24,10288.402848751415,0,2025-11-02,inc1,manual,1.0243219181599987
HepG2_P2,G02,HepG2,H2O2,3.0,24,10685.801137284927,0,2025-11-02,inc1,manual,1.0638872212656743
HepG2_P2,H02,HepG2,H2O2,3.0,24,9944.783582503824,0,2025-11-02,inc1,manual,0.9901108991035102
HepG2_P2,I02,HepG2,H2O2,3.0,24,9601.959498564887,0,2025-11-02,inc1,manual,0.9559790490569899
HepG2_P2,G03,HepG2,H2O2,10.0,24,9567.70934237432,0,2025-11-02,inc1,manual,0.9525690751084428
HepG2_P2,H03,HepG2,H2O2,10.0,24,9687.65469122263,0,2025-11-02,inc1,manual,0.9645109334914065
HepG2_P2,I03,HepG2,H2O2,10.0,24,11114.502589708089,0,2025-11-02,inc1,manual,1.1065690933229453
HepG2_P2,G04,HepG2,H2O2,30.0,24,8973.24709964339,0,2025-11-02,inc1,manual,0.8933839213290357
HepG2_P2,H04,HepG2,H2O2,30.0,24,9803.185041123756,0,2025-11-02,inc1,manual,0.9760132309185313
HepG2_P2,I04,HepG2,H2O2,30.0,24,8932.47685021207,0,2025-11-02,inc1,manual,0.8893248014913614
HepG2_P2,G05,HepG2,H2O2,100.0,24,7085.653122377058,0,2025-11-02,inc1,manual,0.7054534998705334
HepG2_P2,H05,HepG2,H2O2,100.0,24,6812.342098992867,0,2025-11-02,inc1,manual,0.6782424277689835
HepG2_P2,I05,HepG2,H2O2,100.0,24,6541.547667110891,0,2025-11-02,inc1,manual,0.6512819096040036
HepG2_P2,G06,HepG2,H2O2,300.0,24,2649.9753233052656,0,2025-11-02,inc1,manual,0.26383374039189483
HepG2_P2,H06,HepG2,H2O2,300.0,24,2342.962738658288,0,2025-11-02,inc1,manual,0.2332673129076701
HepG2_P2,I06,HepG2,H2O2,300.0,24,2893.392687114023,0,2025-11-02,inc1,manual,0.28806857496005095
HepG2_P2,G07,HepG2,H2O2,1000.0,24,333.8172166930339,0,2025-11-02,inc1,manual,0.03323511887555387
HepG2_P2,H07,HepG2,H2O2,1000.0,24,-51.493925020200194,0,2025-11-02,inc1,manual,0.0
HepG2_P2,I07,HepG2,H2O2,1000.0,24,-77.65983029638575,0,2025-11-02,inc1,manual,0.0
HepG2_P2,G08,HepG2,H2O2,3000.0,24,199.32976417240096,0,2025-11-02,inc1,manual,0.01984543659351681
HepG2_P2,H08,HepG2,H2O2,3000.0,24,902.5814335165587,0,2025-11-02,inc1,manual,0.08986175588832845
HepG2_P2,I08,HepG2,H2O2,3000.0,24,193.03161209806032,0,2025-11-02,inc1,manual,0.019218387350938317
HepG2_P3,A09,HepG2,DMSO,0.0,24,10083.59390674633,1,2025-11-03,inc1,manual,0.997974952915958
HepG2_P3,A10,HepG2,DMSO,0.0,24,10593.68170779847,1,2025-11-03,inc1,manual,1.0484584267592905
HepG2_P3,A11,HepG2,DMSO,0.0,24,10050.372087626987,1,2025-11-03,inc1,manual,0.9946869839955489
HepG2_P3,A12,HepG2,DMSO,0.0,24,9735.21722152819,1,2025-11-03,inc1,manual,0.9634960548918136
HepG2_P3,B09,HepG2,DMSO,0.0,24,10493.825191975004,1,2025-11-03,inc1,manual,1.0385756109102107
HepG2_P3,B10,HepG2,DMSO,0.0,24,10155.059056175865,1,2025-11-03,inc1,manual,1.0050478705479697
HepG2_P3,B11,HepG2,DMSO,0.0,24,10708.558832943054,1,2025-11-03,inc1,manual,1.0598278347915382
HepG2_P3,B12,HepG2,DMSO,0.0,24,10032.29805555601,1,2025-11-03,inc1,manual,0.9928981940589602
HepG2_P3,C09,HepG2,DMSO,0.0,24,9328.446321084808,1,2025-11-03,inc1,manual,0.9232378717507838
HepG2_P3,C10,HepG2,DMSO,0.0,24,9256.601237322226,1,2025-11-03,inc1,manual,0.9161273519551347
HepG2_P3,C11,HepG2,DMSO,0.0,24,10766.144803060683,1,2025-11-03,inc1,manual,1.0655271277567488
HepG2_P3,C12,HepG2,DMSO,0.0,24,10802.513697336706,1,2025-11-03,inc1,manual,1.0691265632247358
HepG2_P3,D09,HepG2,DMSO,0.0,24,9850.921230303758,1,2025-11-03,inc1,manual,0.9749472997334698
HepG2_P3,D10,HepG2,DMSO,0.0,24,9749.087176377065,1,2025-11-03,inc1,manual,0.9648687666119863
HepG2_P3,D11,HepG2,DMSO,0.0,24,10671.40298306616,1,2025-11-03,inc1,manual,1.056150514197872
HepG2_P3,D12,HepG2,DMSO,0.0,24,9387.157995923315,1,2025-11-03,inc1,manual,0.9290485758979803
HepG2_P3,A01,HepG2,staurosporine,0.0,24,9493.317327467146,0,2025-11-03,inc1,manual,0.9395551824589767
HepG2_P3,B01,HepG2,staurosporine,0.0,24,10262.34423428958,0,2025-11-03,inc1,manual,1.0156659023297714
HepG2_P3,C01,HepG2,staurosporine,0.0,24,9743.378275515262,0,2025-11-03,inc1,manual,0.9643037557516275
HepG2_P3,A02,HepG2,staurosporine,0.001,24,9848.025445277079,0,2025-11-03,inc1,manual,0.9746607034115253
HepG2_P3,B02,HepG2,staurosporine,0.001,24,9768.864929374857,0,2025-11-03,inc1,manual,0.9668261740898448
HepG2_P3,C02,HepG2,staurosporine,0.001,24,10019.37365303658,0,2025-11-03,inc1,manual,0.991619063808865
HepG2_P3,A03,HepG2,staurosporine,0.01,24,9385.892402805392,0,2025-11-03,inc1,manual,0.9289233199382549
HepG2_P3,B03,HepG2,staurosporine,0.01,24,8727.443925599406,0,2025-11-03,inc1,manual,0.8637565654939301
HepG2_P3,C03,HepG2,staurosporine,0.01,24,9004.12086878696,0,2025-11-03,inc1,manual,0.891139328217625
HepG2_P3,A04,HepG2,staurosporine,0.1,24,1989.6197041229518,0,2025-11-03,inc1,manual,0.19691299043829255
HepG2_P3,B04,HepG2,staurosporine,0.1,24,2990.3465536734043,0,2025-11-03,inc1,manual,0.29595509187532854
HepG2_P3,C04,HepG2,staurosporine,0.1,24,2593.0906194920276,0,2025-11-03,inc1,manual,0.2566386065153814
HepG2_P3,A05,HepG2,staurosporine,0.3,24,427.6134174210583,0,2025-11-03,inc1,manual,0.04232097048568183
HepG2_P3,B05,HepG2,staurosporine,0.3,24,597.943764168497,0,2025-11-03,inc1,manual,0.059178593010693156
HepG2_P3,C05,HepG2,staurosporine,0.3,24,869.9582272824663,0,2025-11-03,inc1,manual,0.0860999093121165
HepG2_P3,A06,HepG2,staurosporine,1.0,24,723.6647072863117,0,2025-11-03,inc1,manual,0.07162121549716685
HepG2_P3,B06,HepG2,staurosporine,1.0,24,-397.48292276147697,0,2025-11-03,inc1,manual,0.0
HepG2_P3,C06,HepG2,staurosporine,1.0,24,281.02918240551384,0,2025-11-03,inc1,manual,0.02781350455729021
HepG2_P3,A07,HepG2,staurosporine,3.0,24,-169.56522666309817,0,2025-11-03,inc1,manual,0.0
HepG2_P3,B07,HepG2,staurosporine,3.0,24,-91.31705717728937,0,2025-11-03,inc1,manual,0.0
HepG2_P3,C07,HepG2,staurosporine,3.0,24,573.8984026559932,0,2025-11-03,inc1,manual,0.05679881961390519
HepG2_P3,A08,HepG2,staurosporine,10.0,24,286.2537493007349,0,2025-11-03,inc1,manual,0.02833058080505304
HepG2_P3,B08,HepG2,staurosporine,10.0,24,685.8950845201438,0,2025-11-03,inc1,manual,0.06788314969936615
HepG2_P3,C08,HepG2,staurosporine,10.0,24,-60.05680882617837,0,2025-11-03,inc1,manual,0.0
HepG2_P3,D01,HepG2,tunicamycin,0.0,24,9592.709531109707,0,2025-11-03,inc1,manual,0.9493920452548927
HepG2_P3,E01,HepG2,tunicamycin,0.0,24,9828.75142850481,0,2025-11-03,inc1,manual,0.9727531507910318
HepG2_P3,F01,HepG2,tunicamycin,0.0,24,10061.92923258067,0,2025-11-03,inc1,manual,0.9958307965387412
HepG2_P3,D02,HepG2,tunicamycin,0.001,24,10016.557178048386,0,2025-11-03,inc1,manual,0.991340316814517
HepG2_P3,E02,HepG2,tunicamycin,0.001,24,9386.076462704848,0,2025-11-03,inc1,manual,0.9289415363768772
HepG2_P3,F02,HepG2,tunicamycin,0.001,24,9973.515389635468,0,2025-11-03,inc1,manual,0.9870804639126599
HepG2_P3,D03,HepG2,tunicamycin,0.01,24,9932.070547237412,0,2025-11-03,inc1,manual,0.9829786610214173
HepG2_P3,E03,HepG2,tunicamycin,0.01,24,11076.69340093492,0,2025-11-03,inc1,manual,1.0962621737341867
HepG2_P3,F03,HepG2,tunicamycin,0.01,24,10756.378687808794,0,2025-11-03,inc1,manual,1.0645605737186936
HepG2_P3,D04,HepG2,tunicamycin,0.1,24,8409.539068671753,0,2025-11-03,inc1,manual,0.8322934693440674
HepG2_P3,E04,HepG2,tunicamycin,0.1,24,8692.469063176575,0,2025-11-03,inc1,manual,0.8602950975884927
HepG2_P3,F04,HepG2,tunicamycin,0.1,24,8104.439743032661,0,2025-11-03,inc1,manual,0.8020977387389652
HepG2_P3,D05,HepG2,tunicamycin,0.3,24,6934.232556251027,0,2025-11-03,inc1,manual,0.6862821403590079
HepG2_P3,E05,HepG2,tunicamycin,0.3,24,7387.38856502794,0,2025-11-03,inc1,manual,0.7311310653261427
HepG2_P3,F05,HepG2,tunicamycin,0.3,24,7832.512873676887,0,2025-11-03,inc1,manual,0.7751850916062448
HepG2_P3,D06,HepG2,tunicamycin,1.0,24,4053.538453103777,0,2025-11-03,inc1,manual,0.40117936960678063
HepG2_P3,E06,HepG2,tunicamycin,1.0,24,4091.007151941683,0,2025-11-03,inc1,manual,0.4048876529137437
HepG2_P3,F06,HepG2,tunicamycin,1.0,24,3344.435857106254,0,2025-11-03,inc1,manual,0.33099936866686236
HepG2_P3,D07,HepG2,tunicamycin,3.0,24,2011.441952768611,0,2025-11-03,inc1,manual,0.19907274198779729
HepG2_P3,E07,HepG2,tunicamycin,3.0,24,1561.5677071112832,0,2025-11-03,inc1,manual,0.1545486136581549
HepG2_P3,F07,HepG2,tunicamycin,3.0,24,1828.055199358028,0,2025-11-03,inc1,manual,0.1809229247408044
HepG2_P3,D08,HepG2,tunicamycin,10.0,24,297.9163395788027,0,2025-11-03,inc1,manual,0.029484829289400064
HepG2_P3,E08,HepG2,tunicamycin,10.0,24,689.2154515363185,0,2025-11-03,inc1,manual,0.06821176697087425
HepG2_P3,F08,HepG2,tunicamycin,10.0,24,-142.5174670157188,0,2025-11-03,inc1,manual,0.0
HepG2_P3,G01,HepG2,H2O2,0.0,24,9207.158214249563,0,2025-11-03,inc1,manual,0.9112339678026897
HepG2_P3,H01,HepG2,H2O2,0.0,24,11005.304392959208,0,2025-11-03,inc1,manual,1.0891967918344243
HepG2_P3,I01,HepG2,H2O2,0.0,24,9296.969546308042,0,2025-11-03,inc1,manual,0.9201226101569216
HepG2_P3,G02,HepG2,H2O2,3.0,24,9364.250857549252,0,2025-11-03,inc1,manual,0.92678145263303
HepG2_P3,H02,HepG2,H2O2,3.0,24,10831.10041093723,0,2025-11-03,inc1,manual,1.0719557949870757
HepG2_P3,I02,HepG2,H2O2,3.0,24,11365.177231396774,0,2025-11-03,inc1,manual,1.124813466039757
HepG2_P3,G03,HepG2,H2O2,10.0,24,9186.681550648918,0,2025-11-03,inc1,manual,0.9092073890271346
HepG2_P3,H03,HepG2,H2O2,10.0,24,9588.340386667574,0,2025-11-03,inc1,manual,0.9489596303084713
HepG2_P3,I03,HepG2,H2O2,10.0,24,9943.242640531844,0,2025-11-03,inc1,manual,0.9840843649383535
HepG2_P3,G04,HepG2,H2O2,30.0,24,9988.904581460369,0,2025-11-03,inc1,manual,0.98860353476705
HepG2_P3,H04,HepG2,H2O2,30.0,24,8631.127220043452,0,2025-11-03,inc1,manual,0.8542240852511553
HepG2_P3,I04,HepG2,H2O2,30.0,24,9001.916836286518,0,2025-11-03,inc1,manual,0.8909211947573533
HepG2_P3,G05,HepG2,H2O2,100.0,24,6825.553425885992,0,2025-11-03,inc1,manual,0.6755261488928671
HepG2_P3,H05,HepG2,H2O2,100.0,24,6654.267675088429,0,2025-11-03,inc1,manual,0.658573969871357
HepG2_P3,I05,HepG2,H2O2,100.0,24,6248.80660224007,0,2025-11-03,inc1,manual,0.6184454205835506
HepG2_P3,G06,HepG2,H2O2,300.0,24,2529.632872129837,0,2025-11-03,inc1,manual,0.25035818278733285
HepG2_P3,H06,HepG2,H2O2,300.0,24,1909.0964502028664,0,2025-11-03,inc1,manual,0.18894359071010905
HepG2_P3,I06,HepG2,H2O2,300.0,24,2477.457482400525,0,2025-11-03,inc1,manual,0.24519437585599213
HepG2_P3,G07,HepG2,H2O2,1000.0,24,412.5998806291175,0,2025-11-03,inc1,manual,0.040835078271893366
HepG2_P3,H07,HepG2,H2O2,1000.0,24,661.878570446723,0,2025-11-03,inc1,manual,0.06550623133838455
HepG2_P3,I07,HepG2,H2O2,1000.0,24,268.130016224087,0,2025-11-03,inc1,manual,0.026536871951731593
HepG2_P3,G08,HepG2,H2O2,3000.0,24,345.68060555618007,0,2025-11-03,inc1,manual,0.03421206657510104
HepG2_P3,H08,HepG2,H2O2,3000.0,24,616.2692531935248,0,2025-11-03,inc1,manual,0.060992269683518945
HepG2_P3,I08,HepG2,H2O2,3000.0,24,187.62600811784358,0,2025-11-03,inc1,manual,0.018569376984919925
U2OS_P1,A09,U2OS,DMSO,0.0,24,10202.455877988537,1,2025-11-01,inc1,manual,0.9925557591606367
U2OS_P1,A10,U2OS,DMSO,0.0,24,10175.920400745308,1,2025-11-01,inc1,manual,0.9899742296666776
U2OS_P1,A11,U2OS,DMSO,0.0,24,9815.099187428177,1,2025-11-01,inc1,manual,0.954871389959435
U2OS_P1,A12,U2OS,DMSO,0.0,24,10334.125335036257,1,2025-11-01,inc1,manual,1.005365349269252
U2OS_P1,B09,U2OS,DMSO,0.0,24,10127.234904992856,1,2025-11-01,inc1,manual,0.9852378142609572
U2OS_P1,B10,U2OS,DMSO,0.0,24,11222.4623586649,1,2025-11-01,inc1,manual,1.091788073309698
U2OS_P1,B11,U2OS,DMSO,0.0,24,10962.555655437223,1,2025-11-01,inc1,manual,1.0665027990367015
U2OS_P1,B12,U2OS,DMSO,0.0,24,10368.801480477852,1,2025-11-01,inc1,manual,1.0087388515196076
U2OS_P1,C09,U2OS,DMSO,0.0,24,9794.349599352217,1,2025-11-01,inc1,manual,0.9528527462729244
U2OS_P1,C10,U2OS,DMSO,0.0,24,9619.672468207893,1,2025-11-01,inc1,manual,0.9358591131139697
U2OS_P1,C11,U2OS,DMSO,0.0,24,10771.449680744034,1,2025-11-01,inc1,manual,1.0479108699894055
U2OS_P1,C12,U2OS,DMSO,0.0,24,10307.25281677317,1,2025-11-01,inc1,manual,1.0027510304146399
U2OS_P1,D09,U2OS,DMSO,0.0,24,10415.949905895408,1,2025-11-01,inc1,manual,1.0133257315554738
U2OS_P1,D10,U2OS,DMSO,0.0,24,9303.585210712507,1,2025-11-01,inc1,manual,0.9051082594394925
U2OS_P1,D11,U2OS,DMSO,0.0,24,10639.597444978692,1,2025-11-01,inc1,manual,1.0350834980769774
U2OS_P1,D12,U2OS,DMSO,0.0,24,10403.088373306784,1,2025-11-01,inc1,manual,1.0120744849541519
U2OS_P1,A01,U2OS,staurosporine,0.0,24,9620.662861992363,0,2025-11-01,inc1,manual,0.9359554645284105
U2OS_P1,B01,U2OS,staurosporine,0.0,24,9940.115800474627,0,2025-11-01,inc1,manual,0.9670337517235001
U2OS_P1,C01,U2OS,staurosporine,0.0,24,10307.736806377863,0,2025-11-01,inc1,manual,1.0027981158100834
U2OS_P1,A02,U2OS,staurosporine,0.001,24,10184.508713004901,0,2025-11-01,inc1,manual,0.9908097519072707
U2OS_P1,B02,U2OS,staurosporine,0.001,24,10012.189720925002,0,2025-11-01,inc1,manual,0.9740455325813469
U2OS_P1,C02,U2OS,staurosporine,0.001,24,10106.5311797938,0,2025-11-01,inc1,manual,0.9832236323886555
U2OS_P1,A03,U2OS,staurosporine,0.01,24,9777.889276137837,0,2025-11-01,inc1,manual,0.9512513878549648
U2OS_P1,B03,U2OS,staurosporine,0.01,24,9980.159221292513,0,2025-11-01,inc1,manual,0.970929414534945
U2OS_P1,C03,U2OS,staurosporine,0.01,24,10639.623951737858,0,2025-11-01,inc1,manual,1.0350860768126056
U2OS_P1,A04,U2OS,staurosporine,0.1,24,5806.515030537615,0,2025-11-01,inc1,manual,0.5648924144476839
U2OS_P1,B04,U2OS,staurosporine,0.1,24,6971.419118748421,0,2025-11-01,inc1,manual,0.6782212320824593
U2OS_P1,C04,U2OS,staurosporine,0.1,24,7178.100461689487,0,2025-11-01,inc1,manual,0.6983284258503637
U2OS_P1,A05,U2OS,staurosporine,0.3,24,4022.0018456954303,0,2025-11-01,inc1,manual,0.39128432830691773
U2OS_P1,B05,U2OS,staurosporine,0.3,24,3688.0475601912353,0,2025-11-01,inc1,manual,0.35879526358195324
U2OS_P1,C05,U2OS,staurosporine,0.3,24,2995.643959612589,0,2025-11-01,inc1,manual,0.29143411155770244
U2OS_P1,A06,U2OS,staurosporine,1.0,24,1452.3040201334459,0,2025-11-01,inc1,manual,0.14128879717535167
U2OS_P1,B06,U2OS,staurosporine,1.0,24,2151.9813853584833,0,2025-11-01,inc1,manual,0.20935758440791835
U2OS_P1,C06,U2OS,staurosporine,1.0,24,521.3755758183222,0,2025-11-01,inc1,manual,0.050722525698998204
U2OS_P1,A07,U2OS,staurosporine,3.0,24,811.8721204818773,0,2025-11-01,inc1,manual,0.07898376219639369
U2OS_P1,B07,U2OS,staurosporine,3.0,24,215.69550207133634,0,2025-11-01,inc1,manual,0.020984144931990505
U2OS_P1,C07,U2OS,staurosporine,3.0,24,349.29594071835965,0,2025-11-01,inc1,manual,0.03398159244769926
U2OS_P1,A08,U2OS,staurosporine,10.0,24,-434.2231543783178,0,2025-11-01,inc1,manual,0.0
U2OS_P1,B08,U2OS,staurosporine,10.0,24,-75.00198520428164,0,2025-11-01,inc1,manual,0.0
U2OS_P1,C08,U2OS,staurosporine,10.0,24,742.2483983231359,0,2025-11-01,inc1,manual,0.0722103512422771
U2OS_P1,D01,U2OS,tunicamycin,0.0,24,10467.205825193456,0,2025-11-01,inc1,manual,1.018312213094699
U2OS_P1,E01,U2OS,tunicamycin,0.0,24,11042.034006904576,0,2025-11-01,inc1,manual,1.074234927106739
U2OS_P1,F01,U2OS,tunicamycin,0.0,24,10764.58414868845,0,2025-11-01,inc1,manual,1.0472429500823786
U2OS_P1,D02,U2OS,tunicamycin,0.001,24,10361.6146393315,0,2025-11-01,inc1,manual,1.0080396727478205
U2OS_P1,E02,U2OS,tunicamycin,0.001,24,11014.038562950609,0,2025-11-01,inc1,manual,1.0715113633433595
U2OS_P1,F02,U2OS,tunicamycin,0.001,24,10361.567879235863,0,2025-11-01,inc1,manual,1.008035123646822
U2OS_P1,D03,U2OS,tunicamycin,0.01,24,10261.61815697879,0,2025-11-01,inc1,manual,0.9983114185272735
U2OS_P1,E03,U2OS,tunicamycin,0.01,24,9699.338591812904,0,2025-11-01,inc1,manual,0.9436095087775036
U2OS_P1,F03,U2OS,tunicamycin,0.01,24,9880.896976509863,0,2025-11-01,inc1,manual,0.9612725913244871
U2OS_P1,D04,U2OS,tunicamycin,0.1,24,7283.196741499562,0,2025-11-01,inc1,manual,0.7085528187847062
U2OS_P1,E04,U2OS,tunicamycin,0.1,24,8126.700620447127,0,2025-11-01,inc1,manual,0.7906139071085506
U2OS_P1,F04,U2OS,tunicamycin,0.1,24,7042.756841592268,0,2025-11-01,inc1,manual,0.6851613912461788
U2OS_P1,D05,U2OS,tunicamycin,0.3,24,5479.114273308632,0,2025-11-01,inc1,manual,0.5330409160410817
U2OS_P1,E05,U2OS,tunicamycin,0.3,24,4992.613573347222,0,2025-11-01,inc1,manual,0.48571122627254537
U2OS_P1,F05,U2OS,tunicamycin,0.3,24,5673.562648833461,0,2025-11-01,inc1,manual,0.551958013776637
U2OS_P1,D06,U2OS,tunicamycin,1.0,24,2723.714079950153,0,2025-11-01,inc1,manual,0.26497915097030883
U2OS_P1,E06,U2OS,tunicamycin,1.0,24,3258.6026644079243,0,2025-11-01,inc1,manual,0.31701630274650566
U2OS_P1,F06,U2OS,tunicamycin,1.0,24,2713.666931153846,0,2025-11-01,inc1,manual,0.26400170441036497
U2OS_P1,D07,U2OS,tunicamycin,3.0,24,139.05970891879804,0,2025-11-01,inc1,manual,0.0135285578889234
U2OS_P1,E07,U2OS,tunicamycin,3.0,24,891.6032502963179,0,2025-11-01,inc1,manual,0.08674048205170265
U2OS_P1,F07,U2OS,tunicamycin,3.0,24,339.0762404480104,0,2025-11-01,inc1,manual,0.03298735905119762
U2OS_P1,D08,U2OS,tunicamycin,10.0,24,37.244880880928704,0,2025-11-01,inc1,manual,0.003623404154814734
U2OS_P1,E08,U2OS,tunicamycin,10.0,24,1051.999018702427,0,2025-11-01,inc1,manual,0.10234473906397279
U2OS_P1,F08,U2OS,tunicamycin,10.0,24,615.1517075129141,0,2025-11-01,inc1,manual,0.05984562710697256
U2OS_P1,G01,U2OS,H2O2,0.0,24,9826.41298991023,0,2025-11-01,inc1,manual,0.9559720641447352
U2OS_P1,H01,U2OS,H2O2,0.0,24,9669.019520979402,0,2025-11-01,inc1,manual,0.9406598887322831
U2OS_P1,I01,U2OS,H2O2,0.0,24,10192.269250637733,0,2025-11-01,inc1,manual,0.9915647432950079
U2OS_P1,G02,U2OS,H2O2,3.0,24,9554.239151058586,0,2025-11-01,inc1,manual,0.9294933697523495
U2OS_P1,H02,U2OS,H2O2,3.0,24,9826.94908705086,0,2025-11-01,inc1,manual,0.9560242188720642
U2OS_P1,I02,U2OS,H2O2,3.0,24,10318.52396152477,0,2025-11-01,inc1,manual,1.0038475546014947
U2OS_P1,G03,U2OS,H2O2,10.0,24,10672.773284124381,0,2025-11-01,inc1,manual,1.0383110415824666
U2OS_P1,H03,U2OS,H2O2,10.0,24,10399.498002183254,0,2025-11-01,inc1,manual,1.011725192236908
U2OS_P1,I03,U2OS,H2O2,10.0,24,8949.472511771985,0,2025-11-01,inc1,manual,0.8706580640229524
U2OS_P1,G04,U2OS,H2O2,30.0,24,9921.940395392734,0,2025-11-01,inc1,manual,0.9652655399120645
U2OS_P1,H04,U2OS,H2O2,30.0,24,9805.773817493893,0,2025-11-01,inc1,manual,0.953964162352154
U2OS_P1,I04,U2OS,H2O2,30.0,24,9976.70217356395,0,2025-11-01,inc1,manual,0.9705930923127551
U2OS_P1,G05,U2OS,H2O2,100.0,24,8929.43178396751,0,2025-11-01,inc1,manual,0.8687083824915657
U2OS_P1,H05,U2OS,H2O2,100.0,24,7089.707804739534,0,2025-11-01,inc1,manual,0.6897290609746507
U2OS_P1,I05,U2OS,H2O2,100.0,24,7825.775230546353,0,2025-11-01,inc1,manual,0.7613380903448558
U2OS_P1,G06,U2OS,H2O2,300.0,24,4691.965633205849,0,2025-11-01,inc1,manual,0.4564624014762616
U2OS_P1,H06,U2OS,H2O2,300.0,24,3605.715272082201,0,2025-11-01,inc1,manual,0.350785487533443
U2OS_P1,I06,U2OS,H2O2,300.0,24,5134.486995835928,0,2025-11-01,inc1,manual,0.4995135189996135
U2OS_P1,G07,U2OS,H2O2,1000.0,24,1314.831440150285,0,2025-11-01,inc1,manual,0.1279146446555312
U2OS_P1,H07,U2OS,H2O2,1000.0,24,1553.9451267216577,0,2025-11-01,inc1,manual,0.15117705025069647
U2OS_P1,I07,U2OS,H2O2,1000.0,24,845.1813030390584,0,2025-11-01,inc1,manual,0.08222427814426381
U2OS_P1,G08,U2OS,H2O2,3000.0,24,645.924945890549,0,2025-11-01,inc1,manual,0.0628394312797152
U2OS_P1,H08,U2OS,H2O2,3000.0,24,773.2788789019629,0,2025-11-01,inc1,manual,0.07522918147064259
U2OS_P1,I08,U2OS,H2O2,3000.0,24,355.4821109760279,0,2025-11-01,inc1,manual,0.03458341998705123
U2OS_P2,A09,U2OS,DMSO,0.0,24,10252.372065990212,1,2025-11-02,inc1,manual,1.0056998423504864
U2OS_P2,A10,U2OS,DMSO,0.0,24,9685.527813979657,1,2025-11-02,inc1,manual,0.9500956201066038
U2OS_P2,A11,U2OS,DMSO,0.0,24,10043.436106229172,1,2025-11-02,inc1,manual,0.98520440378851
U2OS_P2,A12,U2OS,DMSO,0.0,24,10040.93918012317,1,2025-11-02,inc1,manual,0.9849594694284417
U2OS_P2,B09,U2OS,DMSO,0.0,24,10308.897378526097,1,2025-11-02,inc1,manual,1.0112446565203437
U2OS_P2,B10,U2OS,DMSO,0.0,24,10617.112569804494,1,2025-11-02,inc1,manual,1.0414788274306024
U2OS_P2,B11,U2OS,DMSO,0.0,24,9587.932405360143,1,2025-11-02,inc1,manual,0.9405220612822639
U2OS_P2,B12,U2OS,DMSO,0.0,24,10054.695931189559,1,2025-11-02,inc1,manual,0.9863089290744309
U2OS_P2,C09,U2OS,DMSO,0.0,24,10857.928220178834,1,2025-11-02,inc1,manual,1.0651014837347375
U2OS_P2,C10,U2OS,DMSO,0.0,24,9745.406331943066,1,2025-11-02,inc1,manual,0.9559693648057204
U2OS_P2,C11,U2OS,DMSO,0.0,24,9706.075437704189,1,2025-11-02,inc1,manual,0.9521112260373511
U2OS_P2,C12,U2OS,DMSO,0.0,24,10218.353542264944,1,2025-11-02,inc1,manual,1.0023628171501437
U2OS_P2,D09,U2OS,DMSO,0.0,24,10539.39304159201,1,2025-11-02,inc1,manual,1.0338549803084192
U2OS_P2,D10,U2OS,DMSO,0.0,24,10122.913474129678,1,2025-11-02,inc1,manual,0.9930006850640523
U2OS_P2,D11,U2OS,DMSO,0.0,24,10781.680741567843,1,2025-11-02,inc1,manual,1.0576220363712274
U2OS_P2,D12,U2OS,DMSO,0.0,24,10545.597437632612,1,2025-11-02,inc1,manual,1.0344635965466664
U2OS_P2,A01,U2OS,staurosporine,0.0,24,10538.110479794379,0,2025-11-02,inc1,manual,1.0337291682339667
U2OS_P2,B01,U2OS,staurosporine,0.0,24,10394.258697011393,0,2025-11-02,inc1,manual,1.0196181201432912
U2OS_P2,C01,U2OS,staurosporine,0.0,24,11281.02699652239,0,2025-11-02,inc1,manual,1.1066050860160992
U2OS_P2,A02,U2OS,staurosporine,0.001,24,9997.118216113235,0,2025-11-02,inc1,manual,0.9806608801543913
U2OS_P2,B02,U2OS,staurosporine,0.001,24,9097.937914513,0,2025-11-02,inc1,manual,0.8924563669214162
U2OS_P2,C02,U2OS,staurosporine,0.001,24,10901.826241304827,0,2025-11-02,inc1,manual,1.0694076318770158
U2OS_P2,A03,U2OS,staurosporine,0.01,24,9617.91894269755,0,2025-11-02,inc1,manual,0.9434635713717101
U2OS_P2,B03,U2OS,staurosporine,0.01,24,9900.70888034748,0,2025-11-02,inc1,manual,0.9712036683836273
U2OS_P2,C03,U2OS,staurosporine,0.01,24,10501.544000606227,0,2025-11-02,inc1,manual,1.03014220298162
U2OS_P2,A04,U2OS,staurosporine,0.1,24,6247.831899549758,0,2025-11-02,inc1,manual,0.6128770508878966
U2OS_P2,B04,U2OS,staurosporine,0.1,24,6423.138063026151,0,2025-11-02,inc1,manual,0.6300735962177454
U2OS_P2,C04,U2OS,staurosporine,0.1,24,6248.322701519794,0,2025-11-02,inc1,manual,0.6129251957914089
U2OS_P2,A05,U2OS,staurosporine,0.3,24,3454.597806533635,0,2025-11-02,inc1,manual,0.33887654945145157
U2OS_P2,B05,U2OS,staurosporine,0.3,24,4071.484254554843,0,2025-11-02,inc1,manual,0.3993896287203086
U2OS_P2,C05,U2OS,staurosporine,0.3,24,4113.759872952732,0,2025-11-02,inc1,manual,0.4035366283106828
U2OS_P2,A06,U2OS,staurosporine,1.0,24,1419.014532579562,0,2025-11-02,inc1,manual,0.1391973177058591
U2OS_P2,B06,U2OS,staurosporine,1.0,24,574.4945009691018,0,2025-11-02,inc1,manual,0.05635466849398271
U2OS_P2,C06,U2OS,staurosporine,1.0,24,125.82572459896289,0,2025-11-02,inc1,manual,0.012342793509473628
U2OS_P2,A07,U2OS,staurosporine,3.0,24,404.9439317764333,0,2025-11-02,inc1,manual,0.039722714482759186
U2OS_P2,B07,U2OS,staurosporine,3.0,24,141.87912226207428,0,2025-11-02,inc1,manual,0.013917541225910648
U2OS_P2,C07,U2OS,staurosporine,3.0,24,607.4600249395481,0,2025-11-02,inc1,manual,0.05958840036078236
U2OS_P2,A08,U2OS,staurosporine,10.0,24,442.67110535861616,0,2025-11-02,inc1,manual,0.043423537305000974
U2OS_P2,B08,U2OS,staurosporine,10.0,24,160.81500827732208,0,2025-11-02,inc1,manual,0.01577504478291428
U2OS_P2,C08,U2OS,staurosporine,10.0,24,471.760834935908,0,2025-11-02,inc1,manual,0.04627707561414495
U2OS_P2,D01,U2OS,tunicamycin,0.0,24,10231.806133406883,0,2025-11-02,inc1,manual,1.0036824404240137
U2OS_P2,E01,U2OS,tunicamycin,0.0,24,10382.232799150082,0,2025-11-02,inc1,manual,1.0184384474289774
U2OS_P2,F01,U2OS,tunicamycin,0.0,24,9764.863814914408,0,2025-11-02,inc1,manual,0.957878034080583
U2OS_P2,D02,U2OS,tunicamycin,0.001,24,9993.782777817842,0,2025-11-02,inc1,manual,0.9803336924805286
U2OS_P2,E02,U2OS,tunicamycin,0.001,24,10181.976533062048,0,2025-11-02,inc1,manual,0.9987944378341127
U2OS_P2,F02,U2OS,tunicamycin,0.001,24,10493.852722442278,0,2025-11-02,inc1,manual,1.0293877319980105
U2OS_P2,D03,U2OS,tunicamycin,0.01,24,9593.968555516114,0,2025-11-02,inc1,manual,0.9411141735486925
U2OS_P2,E03,U2OS,tunicamycin,0.01,24,10051.422769494457,0,2025-11-02,inc1,manual,0.9859878503836105
U2OS_P2,F03,U2OS,tunicamycin,0.01,24,9657.919745670712,0,2025-11-02,inc1,manual,0.9473874244064093
U2OS_P2,D04,U2OS,tunicamycin,0.1,24,7529.129251097945,0,2025-11-02,inc1,manual,0.7385650903154483
U2OS_P2,E04,U2OS,tunicamycin,0.1,24,8002.659855774047,0,2025-11-02,inc1,manual,0.7850157703537454
U2OS_P2,F04,U2OS,tunicamycin,0.1,24,6591.370149234932,0,2025-11-02,inc1,manual,0.6465762144888589
U2OS_P2,D05,U2OS,tunicamycin,0.3,24,4410.364059137293,0,2025-11-02,inc1,manual,0.4326318251457479
U2OS_P2,E05,U2OS,tunicamycin,0.3,24,4317.507524453264,0,2025-11-02,inc1,manual,0.42352312311154
U2OS_P2,F05,U2OS,tunicamycin,0.3,24,3891.7921632505213,0,2025-11-02,inc1,manual,0.38176284862169424
U2OS_P2,D06,U2OS,tunicamycin,1.0,24,1995.6063444645683,0,2025-11-02,inc1,manual,0.1957577205649145
U2OS_P2,E06,U2OS,tunicamycin,1.0,24,2709.455514406027,0,2025-11-02,inc1,manual,0.26578229566336137
U2OS_P2,F06,U2OS,tunicamycin,1.0,24,2192.2965313508694,0,2025-11-02,inc1,manual,0.2150519179145827
U2OS_P2,D07,U2OS,tunicamycin,3.0,24,1018.640536093594,0,2025-11-02,inc1,manual,0.09992288808552889
U2OS_P2,E07,U2OS,tunicamycin,3.0,24,1464.3542434780643,0,2025-11-02,inc1,manual,0.14364488747891693
U2OS_P2,F07,U2OS,tunicamycin,3.0,24,1583.588561256514,0,2025-11-02,inc1,manual,0.15534110117665625
U2OS_P2,D08,U2OS,tunicamycin,10.0,24,260.1067737927364,0,2025-11-02,inc1,manual,0.025515006645672626
U2OS_P2,E08,U2OS,tunicamycin,10.0,24,971.4686859405049,0,2025-11-02,inc1,manual,0.09529559579092754
U2OS_P2,F08,U2OS,tunicamycin,10.0,24,340.73907037286085,0,2025-11-02,inc1,manual,0.03342457990706369
U2OS_P2,G01,U2OS,H2O2,0.0,24,9698.501334435618,0,2025-11-02,inc1,manual,0.951368249249724
U2OS_P2,H01,U2OS,H2O2,0.0,24,9820.00027024998,0,2025-11-02,inc1,manual,0.9632866091968427
U2OS_P2,I01,U2OS,H2O2,0.0,24,9376.93219006684,0,2025-11-02,inc1,manual,0.9198241309018083
U2OS_P2,G02,U2OS,H2O2,3.0,24,9659.851573685852,0,2025-11-02,inc1,manual,0.9475769258327885
U2OS_P2,H02,U2OS,H2O2,3.0,24,9924.910156515463,0,2025-11-02,inc1,manual,0.9735776770003806
U2OS_P2,I02,U2OS,H2O2,3.0,24,10505.711010241977,0,2025-11-02,inc1,manual,1.0305509631111562
U2OS_P2,G03,U2OS,H2O2,10.0,24,10897.290120294647,0,2025-11-02,inc1,manual,1.0689626640046583
U2OS_P2,H03,U2OS,H2O2,10.0,24,9345.814447023135,0,2025-11-02,inc1,manual,0.9167716559163196
U2OS_P2,I03,U2OS,H2O2,10.0,24,10233.318938841614,0,2025-11-02,inc1,manual,1.0038308380999295
U2OS_P2,G04,U2OS,H2O2,30.0,24,9193.149143571653,0,2025-11-02,inc1,manual,0.9017960511855021
U2OS_P2,H04,U2OS,H2O2,30.0,24,9950.769657382021,0,2025-11-02,inc1,manual,0.9761143481021866
U2OS_P2,I04,U2OS,H2O2,30.0,24,9647.877787806556,0,2025-11-02,inc1,manual,0.9464023650098261
U2OS_P2,G05,U2OS,H2O2,100.0,24,7159.043550702795,0,2025-11-02,inc1,manual,0.7022617716153554
U2OS_P2,H05,U2OS,H2O2,100.0,24,8538.644959410803,0,2025-11-02,inc1,manual,0.8375928842899272
U2OS_P2,I05,U2OS,H2O2,100.0,24,7771.996107222194,0,2025-11-02,inc1,manual,0.7623889583280578
U2OS_P2,G06,U2OS,H2O2,300.0,24,4104.210487257106,0,2025-11-02,inc1,manual,0.4025998874640945
U2OS_P2,H06,U2OS,H2O2,300.0,24,3836.2844007990393,0,2025-11-02,inc1,manual,0.3763178503727654
U2OS_P2,I06,U2OS,H2O2,300.0,24,4044.0189681001066,0,2025-11-02,inc1,manual,0.39669543911424965
U2OS_P2,G07,U2OS,H2O2,1000.0,24,1338.0786032751641,0,2025-11-02,inc1,manual,0.1312579597877107
U2OS_P2,H07,U2OS,H2O2,1000.0,24,1029.5112124595025,0,2025-11-02,inc1,manual,0.10098924009041796
U2OS_P2,I07,U2OS,H2O2,1000.0,24,1288.4643840689457,0,2025-11-02,inc1,manual,0.1263910848720453
U2OS_P2,G08,U2OS,H2O2,3000.0,24,418.6256197473431,0,2025-11-02,inc1,manual,0.041064810862686416
U2OS_P2,H08,U2OS,H2O2,3000.0,24,897.9955205470047,0,2025-11-02,inc1,manual,0.08808829289774119
U2OS_P2,I08,U2OS,H2O2,3000.0,24,66.27161735073155,0,2025-11-02,inc1,manual,0.006500871670765417
U2OS_P3,A09,U2OS,DMSO,0.0,24,9795.182299863125,1,2025-11-03,inc1,manual,1.0341419027029066
U2OS_P3,A10,U2OS,DMSO,0.0,24,9095.827005528507,1,2025-11-03,inc1,manual,0.9603063585947935
U2OS_P3,A11,U2OS,DMSO,0.0,24,9818.867313865823,1,2025-11-03,inc1,manual,1.0366424856115717
U2OS_P3,A12,U2OS,DMSO,0.0,24,9453.25964816837,1,2025-11-03,inc1,manual,0.9980428765923076
U2OS_P3,B09,U2OS,DMSO,0.0,24,9196.002326475462,1,2025-11-03,inc1,manual,0.9708825269433301
U2OS_P3,B10,U2OS,DMSO,0.0,24,9435.959038600282,1,2025-11-03,inc1,manual,0.9962163373050386
U2OS_P3,B11,U2OS,DMSO,0.0,24,10237.077371640284,1,2025-11-03,inc1,manual,1.0807956755815447
U2OS_P3,B12,U2OS,DMSO,0.0,24,10300.061356104012,1,2025-11-03,inc1,manual,1.0874453096096974
U2OS_P3,C09,U2OS,DMSO,0.0,24,9296.261659143524,1,2025-11-03,inc1,manual,0.9814675649625328
U2OS_P3,C10,U2OS,DMSO,0.0,24,9341.666388235672,1,2025-11-03,inc1,manual,0.9862612412308878
U2OS_P3,C11,U2OS,DMSO,0.0,24,9799.691170310327,1,2025-11-03,inc1,manual,1.034617933849706
U2OS_P3,C12,U2OS,DMSO,0.0,24,8838.74057519346,1,2025-11-03,inc1,manual,0.9331640510718903
U2OS_P3,D09,U2OS,DMSO,0.0,24,9428.106277886262,1,2025-11-03,inc1,manual,0.9953872696411952
U2OS_P3,D10,U2OS,DMSO,0.0,24,9248.639667600206,1,2025-11-03,inc1,manual,0.9764397976951696
U2OS_P3,D11,U2OS,DMSO,0.0,24,9418.525197305911,1,2025-11-03,inc1,manual,0.9943757318670129
U2OS_P3,D12,U2OS,DMSO,0.0,24,8844.886688602432,1,2025-11-03,inc1,manual,0.9338129367404164
U2OS_P3,A01,U2OS,staurosporine,0.0,24,8466.78734492265,0,2025-11-03,inc1,manual,0.8938944990111672
U2OS_P3,B01,U2OS,staurosporine,0.0,24,8225.07937358149,0,2025-11-03,inc1,manual,0.8683757966808696
U2OS_P3,C01,U2OS,staurosporine,0.0,24,8702.879035082331,0,2025-11-03,inc1,manual,0.9188202535504666
U2OS_P3,A02,U2OS,staurosporine,0.001,24,9016.212186142875,0,2025-11-03,inc1,manual,0.9519008977996477
U2OS_P3,B02,U2OS,staurosporine,0.001,24,9098.954035288161,0,2025-11-03,inc1,manual,0.9606364997199366
U2OS_P3,C02,U2OS,staurosporine,0.001,24,10214.165409827301,0,2025-11-03,inc1,manual,1.0783767088835725
U2OS_P3,A03,U2OS,staurosporine,0.01,24,9567.006878150649,0,2025-11-03,inc1,manual,1.0100519207570806
U2OS_P3,B03,U2OS,staurosporine,0.01,24,8532.964635026186,0,2025-11-03,inc1,manual,0.9008812713455984
U2OS_P3,C03,U2OS,staurosporine,0.01,24,9187.864419422478,0,2025-11-03,inc1,manual,0.9700233545026181
U2OS_P3,A04,U2OS,staurosporine,0.1,24,6249.279522261876,0,2025-11-03,inc1,manual,0.6597775945185335
U2OS_P3,B04,U2OS,staurosporine,0.1,24,6310.63672141699,0,2025-11-03,inc1,manual,0.666255478108273
U2OS_P3,C04,U2OS,staurosporine,0.1,24,6545.481465144729,0,2025-11-03,inc1,manual,0.6910495843008422
U2OS_P3,A05,U2OS,staurosporine,0.3,24,3835.5093770797753,0,2025-11-03,inc1,manual,0.4049399841290902
U2OS_P3,B05,U2OS,staurosporine,0.3,24,3356.294576650071,0,2025-11-03,inc1,manual,0.35434612172321206
U2OS_P3,C05,U2OS,staurosporine,0.3,24,4057.849584959258,0,2025-11-03,inc1,manual,0.4284139041220914
U2OS_P3,A06,U2OS,staurosporine,1.0,24,601.5822819580446,0,2025-11-03,inc1,manual,0.0635130032960328
U2OS_P3,B06,U2OS,staurosporine,1.0,24,1175.7209262103809,0,2025-11-03,inc1,manual,0.12412860102622257
U2OS_P3,C06,U2OS,staurosporine,1.0,24,2471.388258327163,0,2025-11-03,inc1,manual,0.26092073404491806
U2OS_P3,A07,U2OS,staurosporine,3.0,24,457.35858205342305,0,2025-11-03,inc1,manual,0.04828635749523923
U2OS_P3,B07,U2OS,staurosporine,3.0,24,1062.4259640438718,0,2025-11-03,inc1,manual,0.11216730575322242
U2OS_P3,C07,U2OS,staurosporine,3.0,24,391.5787998273896,0,2025-11-03,inc1,manual,0.041341552685270185
U2OS_P3,A08,U2OS,staurosporine,10.0,24,374.3280930806425,0,2025-11-03,inc1,manual,0.03952028196749087
U2OS_P3,B08,U2OS,staurosporine,10.0,24,55.54794821939831,0,2025-11-03,inc1,manual,0.005864562710961879
U2OS_P3,C08,U2OS,staurosporine,10.0,24,-1.2642451663581478,0,2025-11-03,inc1,manual,0.0
U2OS_P3,D01,U2OS,tunicamycin,0.0,24,8871.829893214424,0,2025-11-03,inc1,manual,0.9366575082888958
U2OS_P3,E01,U2OS,tunicamycin,0.0,24,9476.72177105591,0,2025-11-03,inc1,manual,1.0005199274180703
U2OS_P3,F01,U2OS,tunicamycin,0.0,24,8835.80249698425,0,2025-11-03,inc1,manual,0.93285385880629
U2OS_P3,D02,U2OS,tunicamycin,0.001,24,9563.594370559173,0,2025-11-03,inc1,manual,1.009691639857185
U2OS_P3,E02,U2OS,tunicamycin,0.001,24,9773.445254625414,0,2025-11-03,inc1,manual,1.0318469796853351
U2OS_P3,F02,U2OS,tunicamycin,0.001,24,9414.067456021074,0,2025-11-03,inc1,manual,0.9939050987626016
U2OS_P3,D03,U2OS,tunicamycin,0.01,24,8819.686367006478,0,2025-11-03,inc1,manual,0.9311523728298979
U2OS_P3,E03,U2OS,tunicamycin,0.01,24,9189.793523438671,0,2025-11-03,inc1,manual,0.9702270227179454
U2OS_P3,F03,U2OS,tunicamycin,0.01,24,8808.474206011117,0,2025-11-03,inc1,manual,0.9299686311546341
U2OS_P3,D04,U2OS,tunicamycin,0.1,24,7413.951881415424,0,2025-11-03,inc1,manual,0.7827397255589494
U2OS_P3,E04,U2OS,tunicamycin,0.1,24,6030.475276575288,0,2025-11-03,inc1,manual,0.6366769893407244
U2OS_P3,F04,U2OS,tunicamycin,0.1,24,6778.374634623527,0,2025-11-03,inc1,manual,0.7156376499476326
U2OS_P3,D05,U2OS,tunicamycin,0.3,24,3635.379548226568,0,2025-11-03,inc1,manual,0.38381096011891386
U2OS_P3,E05,U2OS,tunicamycin,0.3,24,3883.2551306749647,0,2025-11-03,inc1,manual,0.40998081777131895
U2OS_P3,F05,U2OS,tunicamycin,0.3,24,5312.7166606955225,0,2025-11-03,inc1,manual,0.5608984853798865
U2OS_P3,D06,U2OS,tunicamycin,1.0,24,2584.8781275036426,0,2025-11-03,inc1,manual,0.27290260693454343
U2OS_P3,E06,U2OS,tunicamycin,1.0,24,1777.5455198754046,0,2025-11-03,inc1,manual,0.18766718676493294
U2OS_P3,F06,U2OS,tunicamycin,1.0,24,1386.0339084973511,0,2025-11-03,inc1,manual,0.1463327276067365
U2OS_P3,D07,U2OS,tunicamycin,3.0,24,-640.3034105956316,0,2025-11-03,inc1,manual,0.0
U2OS_P3,E07,U2OS,tunicamycin,3.0,24,570.2132543588767,0,2025-11-03,inc1,manual,0.060201168468027935
U2OS_P3,F07,U2OS,tunicamycin,3.0,24,2052.1685144488956,0,2025-11-03,inc1,manual,0.21666094486356155
U2OS_P3,D08,U2OS,tunicamycin,10.0,24,487.19663354474994,0,2025-11-03,inc1,manual,0.05143655709311902
U2OS_P3,E08,U2OS,tunicamycin,10.0,24,-10.031645211818535,0,2025-11-03,inc1,manual,0.0
U2OS_P3,F08,U2OS,tunicamycin,10.0,24,502.29460256307937,0,2025-11-03,inc1,manual,0.05303054911180589
U2OS_P3,G01,U2OS,H2O2,0.0,24,8481.091915079913,0,2025-11-03,inc1,manual,0.8954047266870713
U2OS_P3,H01,U2OS,H2O2,0.0,24,9112.909410228316,0,2025-11-03,inc1,manual,0.962109860557105
U2OS_P3,I01,U2OS,H2O2,0.0,24,9311.309828085004,0,2025-11-03,inc1,manual,0.9830562992591427
U2OS_P3,G02,U2OS,H2O2,3.0,24,9206.36209727977,0,2025-11-03,inc1,manual,0.9719762761726103
U2OS_P3,H02,U2OS,H2O2,3.0,24,9644.815484035335,0,2025-11-03,inc1,manual,1.0182666876979036
U2OS_P3,I02,U2OS,H2O2,3.0,24,9421.735036308322,0,2025-11-03,inc1,manual,0.9947146157092636
U2OS_P3,G03,U2OS,H2O2,10.0,24,9522.229568158298,0,2025-11-03,inc1,manual,1.0053244852550325
U2OS_P3,H03,U2OS,H2O2,10.0,24,8843.88041798892,0,2025-11-03,inc1,manual,0.9337066981248363
U2OS_P3,I03,U2OS,H2O2,10.0,24,9636.974263309574,0,2025-11-03,inc1,manual,1.0174388383866186
U2OS_P3,G04,U2OS,H2O2,30.0,24,9706.408557328901,0,2025-11-03,inc1,manual,1.024769474073816
U2OS_P3,H04,U2OS,H2O2,30.0,24,8406.8653236912,0,2025-11-03,inc1,manual,0.8875681366063591
U2OS_P3,I04,U2OS,H2O2,30.0,24,8448.092255659627,0,2025-11-03,inc1,manual,0.8919207353189965
U2OS_P3,G05,U2OS,H2O2,100.0,24,8059.514329165119,0,2025-11-03,inc1,manual,0.8508960045940772
U2OS_P3,H05,U2OS,H2O2,100.0,24,7295.950167657472,0,2025-11-03,inc1,manual,0.7702815075235835
U2OS_P3,I05,U2OS,H2O2,100.0,24,8093.532857038282,0,2025-11-03,inc1,manual,0.8544875646145983
U2OS_P3,G06,U2OS,H2O2,300.0,24,3780.216045056332,0,2025-11-03,inc1,manual,0.3991023029267397
U2OS_P3,H06,U2OS,H2O2,300.0,24,4729.00668913778,0,2025-11-03,inc1,manual,0.49927237959298165
U2OS_P3,I06,U2OS,H2O2,300.0,24,4067.22680940515,0,2025-11-03,inc1,manual,0.42940391946164075
U2OS_P3,G07,U2OS,H2O2,1000.0,24,1158.177866281029,0,2025-11-03,inc1,manual,0.12227646465762998
U2OS_P3,H07,U2OS,H2O2,1000.0,24,1811.4224654546338,0,2025-11-03,inc1,manual,0.1912437990102769
U2OS_P3,I07,U2OS,H2O2,1000.0,24,848.1782158975959,0,2025-11-03,inc1,manual,0.0895477600280858
U2OS_P3,G08,U2OS,H2O2,3000.0,24,-252.99607434755814,0,2025-11-03,inc1,manual,0.0
U2OS_P3,H08,U2OS,H2O2,3000.0,24,-6.717130399256114,0,2025-11-03,inc1,manual,0.0
U2OS_P3,I08,U2OS,H2O2,3000.0,24,443.7319489364904,0,2025-11-03,inc1,manual,0.04684770409731563
